scenario,scenario_display,sample_idx,target_region,target_region_idx,inferred_region,inferred_region_idx,region_role,method,mse,mae,crps,interval_score,ci_width,coverage,median_mse
MI_3,MI Severe (μ=3.0),0,Anterior,0,Anterior,0,Diseased,MCMC,0.014030,,0.139199,2.278819,2.278819,1.000000,0.014030
MI_3,MI Severe (μ=3.0),0,Anterior,0,Inferior,1,Non-diseased,MCMC,0.279522,,0.335167,1.305877,1.305877,1.000000,0.279522
MI_3,MI Severe (μ=3.0),0,Anterior,0,Lateral,2,Non-diseased,MCMC,0.000205,,0.031288,0.526190,0.526190,1.000000,0.000205
MI_3,MI Severe (μ=3.0),0,Anterior,0,Septal,3,Non-diseased,MCMC,0.010447,,0.084173,1.182754,1.182754,1.000000,0.010447
MI_3,MI Severe (μ=3.0),0,Anterior,0,Apical,4,Non-diseased,MCMC,0.012132,,0.070686,0.390086,0.390086,1.000000,0.012132
MI_3,MI Severe (μ=3.0),1,Anterior,0,Anterior,0,Diseased,MCMC,0.006478,,0.132238,2.151850,2.151850,1.000000,0.006478
MI_3,MI Severe (μ=3.0),1,Anterior,0,Inferior,1,Non-diseased,MCMC,0.171822,,0.258826,1.078805,1.078805,1.000000,0.171822
MI_3,MI Severe (μ=3.0),1,Anterior,0,Lateral,2,Non-diseased,MCMC,0.000438,,0.036222,0.583207,0.583207,1.000000,0.000438
MI_3,MI Severe (μ=3.0),1,Anterior,0,Septal,3,Non-diseased,MCMC,0.006815,,0.085477,1.370961,1.370961,1.000000,0.006815
MI_3,MI Severe (μ=3.0),1,Anterior,0,Apical,4,Non-diseased,MCMC,0.002045,,0.032696,0.459914,0.459914,1.000000,0.002045
MI_3,MI Severe (μ=3.0),2,Anterior,0,Anterior,0,Diseased,MCMC,0.007866,,0.150395,2.369567,2.369567,1.000000,0.007866
MI_3,MI Severe (μ=3.0),2,Anterior,0,Inferior,1,Non-diseased,MCMC,0.189412,,0.255671,1.339792,1.339792,1.000000,0.189412
MI_3,MI Severe (μ=3.0),2,Anterior,0,Lateral,2,Non-diseased,MCMC,0.000526,,0.039426,0.678465,0.678465,1.000000,0.000526
MI_3,MI Severe (μ=3.0),2,Anterior,0,Septal,3,Non-diseased,MCMC,0.002187,,0.067285,1.071540,1.071540,1.000000,0.002187
MI_3,MI Severe (μ=3.0),2,Anterior,0,Apical,4,Non-diseased,MCMC,0.003033,,0.038004,0.503019,0.503019,1.000000,0.003033
MI_3,MI Severe (μ=3.0),3,Anterior,0,Anterior,0,Diseased,MCMC,0.064357,,0.203588,2.453276,2.453276,1.000000,0.064357
MI_3,MI Severe (μ=3.0),3,Anterior,0,Inferior,1,Non-diseased,MCMC,0.247808,,0.306808,1.268498,1.268498,1.000000,0.247808
MI_3,MI Severe (μ=3.0),3,Anterior,0,Lateral,2,Non-diseased,MCMC,0.000480,,0.041103,0.684502,0.684502,1.000000,0.000480
MI_3,MI Severe (μ=3.0),3,Anterior,0,Septal,3,Non-diseased,MCMC,0.005435,,0.081104,1.148976,1.148976,1.000000,0.005435
MI_3,MI Severe (μ=3.0),3,Anterior,0,Apical,4,Non-diseased,MCMC,0.002852,,0.035343,0.455045,0.455045,1.000000,0.002852
MI_3,MI Severe (μ=3.0),4,Anterior,0,Anterior,0,Diseased,MCMC,0.002795,,0.132980,2.127371,2.127371,1.000000,0.002795
MI_3,MI Severe (μ=3.0),4,Anterior,0,Inferior,1,Non-diseased,MCMC,0.222908,,0.298897,1.260107,1.260107,1.000000,0.222908
MI_3,MI Severe (μ=3.0),4,Anterior,0,Lateral,2,Non-diseased,MCMC,0.002050,,0.045460,0.677926,0.677926,1.000000,0.002050
MI_3,MI Severe (μ=3.0),4,Anterior,0,Septal,3,Non-diseased,MCMC,0.007367,,0.081743,1.229322,1.229322,1.000000,0.007367
MI_3,MI Severe (μ=3.0),4,Anterior,0,Apical,4,Non-diseased,MCMC,0.005882,,0.048007,0.408348,0.408348,1.000000,0.005882
MI_3,MI Severe (μ=3.0),5,Anterior,0,Anterior,0,Diseased,MCMC,0.027392,,0.170433,2.493866,2.493866,1.000000,0.027392
MI_3,MI Severe (μ=3.0),5,Anterior,0,Inferior,1,Non-diseased,MCMC,0.183631,,0.259988,1.359989,1.359989,1.000000,0.183631
MI_3,MI Severe (μ=3.0),5,Anterior,0,Lateral,2,Non-diseased,MCMC,0.000147,,0.037420,0.643108,0.643108,1.000000,0.000147
MI_3,MI Severe (μ=3.0),5,Anterior,0,Septal,3,Non-diseased,MCMC,0.006247,,0.080877,1.253102,1.253102,1.000000,0.006247
MI_3,MI Severe (μ=3.0),5,Anterior,0,Apical,4,Non-diseased,MCMC,0.004271,,0.041123,0.491527,0.491527,1.000000,0.004271
MI_3,MI Severe (μ=3.0),6,Anterior,0,Anterior,0,Diseased,MCMC,0.001765,,0.128399,2.148587,2.148587,1.000000,0.001765
MI_3,MI Severe (μ=3.0),6,Anterior,0,Inferior,1,Non-diseased,MCMC,0.239357,,0.312648,1.162788,1.162788,1.000000,0.239357
MI_3,MI Severe (μ=3.0),6,Anterior,0,Lateral,2,Non-diseased,MCMC,0.000239,,0.040922,0.684936,0.684936,1.000000,0.000239
MI_3,MI Severe (μ=3.0),6,Anterior,0,Septal,3,Non-diseased,MCMC,0.002784,,0.063373,1.107497,1.107497,1.000000,0.002784
MI_3,MI Severe (μ=3.0),6,Anterior,0,Apical,4,Non-diseased,MCMC,0.007306,,0.049921,0.465908,0.465908,1.000000,0.007306
MI_3,MI Severe (μ=3.0),7,Anterior,0,Anterior,0,Diseased,MCMC,0.004077,,0.129202,2.134453,2.134453,1.000000,0.004077
MI_3,MI Severe (μ=3.0),7,Anterior,0,Inferior,1,Non-diseased,MCMC,0.213980,,0.279545,1.223262,1.223262,1.000000,0.213980
MI_3,MI Severe (μ=3.0),7,Anterior,0,Lateral,2,Non-diseased,MCMC,0.000758,,0.034339,0.540806,0.540806,1.000000,0.000758
MI_3,MI Severe (μ=3.0),7,Anterior,0,Septal,3,Non-diseased,MCMC,0.000894,,0.061932,1.051429,1.051429,1.000000,0.000894
MI_3,MI Severe (μ=3.0),7,Anterior,0,Apical,4,Non-diseased,MCMC,0.003721,,0.039826,0.491362,0.491362,1.000000,0.003721
MI_3,MI Severe (μ=3.0),8,Anterior,0,Anterior,0,Diseased,MCMC,0.003000,,0.124835,1.968352,1.968352,1.000000,0.003000
MI_3,MI Severe (μ=3.0),8,Anterior,0,Inferior,1,Non-diseased,MCMC,0.341152,,0.413093,2.730150,1.062201,0.000000,0.341152
MI_3,MI Severe (μ=3.0),8,Anterior,0,Lateral,2,Non-diseased,MCMC,0.000214,,0.034786,0.561516,0.561516,1.000000,0.000214
MI_3,MI Severe (μ=3.0),8,Anterior,0,Septal,3,Non-diseased,MCMC,0.014672,,0.088594,1.018682,1.018682,1.000000,0.014672
MI_3,MI Severe (μ=3.0),8,Anterior,0,Apical,4,Non-diseased,MCMC,0.015258,,0.078135,0.371489,0.371489,1.000000,0.015258
MI_3,MI Severe (μ=3.0),9,Anterior,0,Anterior,0,Diseased,MCMC,0.003963,,0.128221,1.986614,1.986614,1.000000,0.003963
MI_3,MI Severe (μ=3.0),9,Anterior,0,Inferior,1,Non-diseased,MCMC,0.202144,,0.281809,1.209577,1.209577,1.000000,0.202144
MI_3,MI Severe (μ=3.0),9,Anterior,0,Lateral,2,Non-diseased,MCMC,0.000237,,0.039160,0.662799,0.662799,1.000000,0.000237
MI_3,MI Severe (μ=3.0),9,Anterior,0,Septal,3,Non-diseased,MCMC,0.007317,,0.082005,1.200159,1.200159,1.000000,0.007317
MI_3,MI Severe (μ=3.0),9,Anterior,0,Apical,4,Non-diseased,MCMC,0.002953,,0.036066,0.421974,0.421974,1.000000,0.002953
MI_3,MI Severe (μ=3.0),10,Anterior,0,Anterior,0,Diseased,MCMC,0.001240,,0.113521,1.796223,1.796223,1.000000,0.001240
MI_3,MI Severe (μ=3.0),10,Anterior,0,Inferior,1,Non-diseased,MCMC,0.200185,,0.285207,1.063719,1.063719,1.000000,0.200185
MI_3,MI Severe (μ=3.0),10,Anterior,0,Lateral,2,Non-diseased,MCMC,0.000277,,0.033802,0.588191,0.588191,1.000000,0.000277
MI_3,MI Severe (μ=3.0),10,Anterior,0,Septal,3,Non-diseased,MCMC,0.014495,,0.091612,1.192457,1.192457,1.000000,0.014495
MI_3,MI Severe (μ=3.0),10,Anterior,0,Apical,4,Non-diseased,MCMC,0.004742,,0.043116,0.398830,0.398830,1.000000,0.004742
MI_3,MI Severe (μ=3.0),11,Anterior,0,Anterior,0,Diseased,MCMC,0.010051,,0.149218,2.392051,2.392051,1.000000,0.010051
MI_3,MI Severe (μ=3.0),11,Anterior,0,Inferior,1,Non-diseased,MCMC,0.290540,,0.338351,1.250832,1.250832,1.000000,0.290540
MI_3,MI Severe (μ=3.0),11,Anterior,0,Lateral,2,Non-diseased,MCMC,0.001448,,0.040444,0.623806,0.623806,1.000000,0.001448
MI_3,MI Severe (μ=3.0),11,Anterior,0,Septal,3,Non-diseased,MCMC,0.005544,,0.067419,1.030203,1.030203,1.000000,0.005544
MI_3,MI Severe (μ=3.0),11,Anterior,0,Apical,4,Non-diseased,MCMC,0.006741,,0.048478,0.418082,0.418082,1.000000,0.006741
MI_3,MI Severe (μ=3.0),12,Anterior,0,Anterior,0,Diseased,MCMC,0.002516,,0.106471,1.724892,1.724892,1.000000,0.002516
MI_3,MI Severe (μ=3.0),12,Anterior,0,Inferior,1,Non-diseased,MCMC,0.245890,,0.296091,1.221612,1.221612,1.000000,0.245890
MI_3,MI Severe (μ=3.0),12,Anterior,0,Lateral,2,Non-diseased,MCMC,0.000539,,0.033322,0.558176,0.558176,1.000000,0.000539
MI_3,MI Severe (μ=3.0),12,Anterior,0,Septal,3,Non-diseased,MCMC,0.003924,,0.062731,0.964550,0.964550,1.000000,0.003924
MI_3,MI Severe (μ=3.0),12,Anterior,0,Apical,4,Non-diseased,MCMC,0.008502,,0.056100,0.451194,0.451194,1.000000,0.008502
MI_3,MI Severe (μ=3.0),13,Anterior,0,Anterior,0,Diseased,MCMC,0.021215,,0.159754,2.173790,2.173790,1.000000,0.021215
MI_3,MI Severe (μ=3.0),13,Anterior,0,Inferior,1,Non-diseased,MCMC,0.307267,,0.375594,1.115762,1.115762,1.000000,0.307267
MI_3,MI Severe (μ=3.0),13,Anterior,0,Lateral,2,Non-diseased,MCMC,0.000389,,0.036478,0.583951,0.583951,1.000000,0.000389
MI_3,MI Severe (μ=3.0),13,Anterior,0,Septal,3,Non-diseased,MCMC,0.023625,,0.108127,1.150890,1.150890,1.000000,0.023625
MI_3,MI Severe (μ=3.0),13,Anterior,0,Apical,4,Non-diseased,MCMC,0.009210,,0.059226,0.415485,0.415485,1.000000,0.009210
MI_3,MI Severe (μ=3.0),14,Anterior,0,Anterior,0,Diseased,MCMC,0.083389,,0.209202,2.485235,2.485235,1.000000,0.083389
MI_3,MI Severe (μ=3.0),14,Anterior,0,Inferior,1,Non-diseased,MCMC,0.297330,,0.361283,1.080158,1.080158,1.000000,0.297330
MI_3,MI Severe (μ=3.0),14,Anterior,0,Lateral,2,Non-diseased,MCMC,0.000911,,0.036989,0.602559,0.602559,1.000000,0.000911
MI_3,MI Severe (μ=3.0),14,Anterior,0,Septal,3,Non-diseased,MCMC,0.014101,,0.089175,1.117600,1.117600,1.000000,0.014101
MI_3,MI Severe (μ=3.0),14,Anterior,0,Apical,4,Non-diseased,MCMC,0.010237,,0.062556,0.456778,0.456778,1.000000,0.010237
MI_3,MI Severe (μ=3.0),15,Anterior,0,Anterior,0,Diseased,MCMC,0.036307,,0.169207,2.326954,2.326954,1.000000,0.036307
MI_3,MI Severe (μ=3.0),15,Anterior,0,Inferior,1,Non-diseased,MCMC,0.165276,,0.243122,1.220542,1.220542,1.000000,0.165276
MI_3,MI Severe (μ=3.0),15,Anterior,0,Lateral,2,Non-diseased,MCMC,0.000336,,0.040608,0.646908,0.646908,1.000000,0.000336
MI_3,MI Severe (μ=3.0),15,Anterior,0,Septal,3,Non-diseased,MCMC,0.003676,,0.075125,1.228397,1.228397,1.000000,0.003676
MI_3,MI Severe (μ=3.0),15,Anterior,0,Apical,4,Non-diseased,MCMC,0.000471,,0.029834,0.521505,0.521505,1.000000,0.000471
MI_3,MI Severe (μ=3.0),16,Anterior,0,Anterior,0,Diseased,MCMC,0.012931,,0.151658,2.359017,2.359017,1.000000,0.012931
MI_3,MI Severe (μ=3.0),16,Anterior,0,Inferior,1,Non-diseased,MCMC,0.264069,,0.344643,1.062231,1.062231,1.000000,0.264069
MI_3,MI Severe (μ=3.0),16,Anterior,0,Lateral,2,Non-diseased,MCMC,0.000407,,0.037207,0.611253,0.611253,1.000000,0.000407
MI_3,MI Severe (μ=3.0),16,Anterior,0,Septal,3,Non-diseased,MCMC,0.005265,,0.071303,1.165114,1.165114,1.000000,0.005265
MI_3,MI Severe (μ=3.0),16,Anterior,0,Apical,4,Non-diseased,MCMC,0.004479,,0.040089,0.400238,0.400238,1.000000,0.004479
MI_3,MI Severe (μ=3.0),17,Anterior,0,Anterior,0,Diseased,MCMC,0.001755,,0.109960,1.761599,1.761599,1.000000,0.001755
MI_3,MI Severe (μ=3.0),17,Anterior,0,Inferior,1,Non-diseased,MCMC,0.169617,,0.253179,1.178499,1.178499,1.000000,0.169617
MI_3,MI Severe (μ=3.0),17,Anterior,0,Lateral,2,Non-diseased,MCMC,0.000359,,0.035915,0.657846,0.657846,1.000000,0.000359
MI_3,MI Severe (μ=3.0),17,Anterior,0,Septal,3,Non-diseased,MCMC,0.005040,,0.068974,1.004344,1.004344,1.000000,0.005040
MI_3,MI Severe (μ=3.0),17,Anterior,0,Apical,4,Non-diseased,MCMC,0.005105,,0.043240,0.381436,0.381436,1.000000,0.005105
MI_3,MI Severe (μ=3.0),18,Anterior,0,Anterior,0,Diseased,MCMC,0.020604,,0.164538,2.433665,2.433665,1.000000,0.020604
MI_3,MI Severe (μ=3.0),18,Anterior,0,Inferior,1,Non-diseased,MCMC,0.227134,,0.293380,1.240411,1.240411,1.000000,0.227134
MI_3,MI Severe (μ=3.0),18,Anterior,0,Lateral,2,Non-diseased,MCMC,0.000385,,0.036326,0.619241,0.619241,1.000000,0.000385
MI_3,MI Severe (μ=3.0),18,Anterior,0,Septal,3,Non-diseased,MCMC,0.007285,,0.082859,1.167131,1.167131,1.000000,0.007285
MI_3,MI Severe (μ=3.0),18,Anterior,0,Apical,4,Non-diseased,MCMC,0.005038,,0.043018,0.492597,0.492597,1.000000,0.005038
MI_3,MI Severe (μ=3.0),19,Anterior,0,Anterior,0,Diseased,MCMC,0.009360,,0.147250,2.379388,2.379388,1.000000,0.009360
MI_3,MI Severe (μ=3.0),19,Anterior,0,Inferior,1,Non-diseased,MCMC,0.246379,,0.319134,1.227591,1.227591,1.000000,0.246379
MI_3,MI Severe (μ=3.0),19,Anterior,0,Lateral,2,Non-diseased,MCMC,0.000147,,0.036848,0.589606,0.589606,1.000000,0.000147
MI_3,MI Severe (μ=3.0),19,Anterior,0,Septal,3,Non-diseased,MCMC,0.007219,,0.088120,1.263439,1.263439,1.000000,0.007219
MI_3,MI Severe (μ=3.0),19,Anterior,0,Apical,4,Non-diseased,MCMC,0.007903,,0.052557,0.388993,0.388993,1.000000,0.007903
MI_3,MI Severe (μ=3.0),20,Inferior,1,Anterior,0,Non-diseased,MCMC,0.005344,,0.053794,0.701190,0.701190,1.000000,0.005344
MI_3,MI Severe (μ=3.0),20,Inferior,1,Inferior,1,Diseased,MCMC,0.004629,,0.131636,2.341160,2.341160,1.000000,0.004629
MI_3,MI Severe (μ=3.0),20,Inferior,1,Lateral,2,Non-diseased,MCMC,0.000796,,0.031807,0.473905,0.473905,1.000000,0.000796
MI_3,MI Severe (μ=3.0),20,Inferior,1,Septal,3,Non-diseased,MCMC,0.014079,,0.079488,0.956687,0.956687,1.000000,0.014079
MI_3,MI Severe (μ=3.0),20,Inferior,1,Apical,4,Non-diseased,MCMC,0.001189,,0.031298,0.442728,0.442728,1.000000,0.001189
MI_3,MI Severe (μ=3.0),21,Inferior,1,Anterior,0,Non-diseased,MCMC,0.009608,,0.061200,0.709847,0.709847,1.000000,0.009608
MI_3,MI Severe (μ=3.0),21,Inferior,1,Inferior,1,Diseased,MCMC,0.008287,,0.149435,2.774782,2.774782,1.000000,0.008287
MI_3,MI Severe (μ=3.0),21,Inferior,1,Lateral,2,Non-diseased,MCMC,0.000877,,0.031044,0.488871,0.488871,1.000000,0.000877
MI_3,MI Severe (μ=3.0),21,Inferior,1,Septal,3,Non-diseased,MCMC,0.027461,,0.097032,0.862201,0.862201,1.000000,0.027461
MI_3,MI Severe (μ=3.0),21,Inferior,1,Apical,4,Non-diseased,MCMC,0.001503,,0.036356,0.545293,0.545293,1.000000,0.001503
MI_3,MI Severe (μ=3.0),22,Inferior,1,Anterior,0,Non-diseased,MCMC,0.013724,,0.071660,0.707226,0.707226,1.000000,0.013724
MI_3,MI Severe (μ=3.0),22,Inferior,1,Inferior,1,Diseased,MCMC,0.006489,,0.157280,2.752990,2.752990,1.000000,0.006489
MI_3,MI Severe (μ=3.0),22,Inferior,1,Lateral,2,Non-diseased,MCMC,0.001941,,0.034267,0.465369,0.465369,1.000000,0.001941
MI_3,MI Severe (μ=3.0),22,Inferior,1,Septal,3,Non-diseased,MCMC,0.029939,,0.102218,0.849102,0.849102,1.000000,0.029939
MI_3,MI Severe (μ=3.0),22,Inferior,1,Apical,4,Non-diseased,MCMC,0.009763,,0.059964,0.525549,0.525549,1.000000,0.009763
MI_3,MI Severe (μ=3.0),23,Inferior,1,Anterior,0,Non-diseased,MCMC,0.009251,,0.061611,0.710092,0.710092,1.000000,0.009251
MI_3,MI Severe (μ=3.0),23,Inferior,1,Inferior,1,Diseased,MCMC,0.001895,,0.137281,2.351617,2.351617,1.000000,0.001895
MI_3,MI Severe (μ=3.0),23,Inferior,1,Lateral,2,Non-diseased,MCMC,0.000812,,0.030532,0.493462,0.493462,1.000000,0.000812
MI_3,MI Severe (μ=3.0),23,Inferior,1,Septal,3,Non-diseased,MCMC,0.026012,,0.095271,0.787402,0.787402,1.000000,0.026012
MI_3,MI Severe (μ=3.0),23,Inferior,1,Apical,4,Non-diseased,MCMC,0.010374,,0.061922,0.464965,0.464965,1.000000,0.010374
MI_3,MI Severe (μ=3.0),24,Inferior,1,Anterior,0,Non-diseased,MCMC,0.014266,,0.071832,0.702002,0.702002,1.000000,0.014266
MI_3,MI Severe (μ=3.0),24,Inferior,1,Inferior,1,Diseased,MCMC,0.009972,,0.141652,2.305707,2.305707,1.000000,0.009972
MI_3,MI Severe (μ=3.0),24,Inferior,1,Lateral,2,Non-diseased,MCMC,0.000218,,0.027288,0.483667,0.483667,1.000000,0.000218
MI_3,MI Severe (μ=3.0),24,Inferior,1,Septal,3,Non-diseased,MCMC,0.027197,,0.098504,0.965403,0.965403,1.000000,0.027197
MI_3,MI Severe (μ=3.0),24,Inferior,1,Apical,4,Non-diseased,MCMC,0.006988,,0.049466,0.468195,0.468195,1.000000,0.006988
MI_3,MI Severe (μ=3.0),25,Inferior,1,Anterior,0,Non-diseased,MCMC,0.008774,,0.058247,0.681835,0.681835,1.000000,0.008774
MI_3,MI Severe (μ=3.0),25,Inferior,1,Inferior,1,Diseased,MCMC,0.002896,,0.124148,2.322629,2.322629,1.000000,0.002896
MI_3,MI Severe (μ=3.0),25,Inferior,1,Lateral,2,Non-diseased,MCMC,0.000496,,0.031585,0.490834,0.490834,1.000000,0.000496
MI_3,MI Severe (μ=3.0),25,Inferior,1,Septal,3,Non-diseased,MCMC,0.016239,,0.081775,0.911355,0.911355,1.000000,0.016239
MI_3,MI Severe (μ=3.0),25,Inferior,1,Apical,4,Non-diseased,MCMC,0.000943,,0.030053,0.484308,0.484308,1.000000,0.000943
MI_3,MI Severe (μ=3.0),26,Inferior,1,Anterior,0,Non-diseased,MCMC,0.014461,,0.073787,0.702287,0.702287,1.000000,0.014461
MI_3,MI Severe (μ=3.0),26,Inferior,1,Inferior,1,Diseased,MCMC,0.011368,,0.145570,2.108426,2.108426,1.000000,0.011368
MI_3,MI Severe (μ=3.0),26,Inferior,1,Lateral,2,Non-diseased,MCMC,0.001768,,0.031810,0.434223,0.434223,1.000000,0.001768
MI_3,MI Severe (μ=3.0),26,Inferior,1,Septal,3,Non-diseased,MCMC,0.027819,,0.098155,0.918862,0.918862,1.000000,0.027819
MI_3,MI Severe (μ=3.0),26,Inferior,1,Apical,4,Non-diseased,MCMC,0.008260,,0.055744,0.450639,0.450639,1.000000,0.008260
MI_3,MI Severe (μ=3.0),27,Inferior,1,Anterior,0,Non-diseased,MCMC,0.006906,,0.058551,0.729644,0.729644,1.000000,0.006906
MI_3,MI Severe (μ=3.0),27,Inferior,1,Inferior,1,Diseased,MCMC,0.000007,,0.140919,2.631763,2.631763,1.000000,0.000007
MI_3,MI Severe (μ=3.0),27,Inferior,1,Lateral,2,Non-diseased,MCMC,0.000262,,0.030199,0.490366,0.490366,1.000000,0.000262
MI_3,MI Severe (μ=3.0),27,Inferior,1,Septal,3,Non-diseased,MCMC,0.018040,,0.084248,0.920621,0.920621,1.000000,0.018040
MI_3,MI Severe (μ=3.0),27,Inferior,1,Apical,4,Non-diseased,MCMC,0.002696,,0.036340,0.468333,0.468333,1.000000,0.002696
MI_3,MI Severe (μ=3.0),28,Inferior,1,Anterior,0,Non-diseased,MCMC,0.011203,,0.065288,0.705325,0.705325,1.000000,0.011203
MI_3,MI Severe (μ=3.0),28,Inferior,1,Inferior,1,Diseased,MCMC,0.011789,,0.155866,2.735838,2.735838,1.000000,0.011789
MI_3,MI Severe (μ=3.0),28,Inferior,1,Lateral,2,Non-diseased,MCMC,0.001133,,0.030887,0.457767,0.457767,1.000000,0.001133
MI_3,MI Severe (μ=3.0),28,Inferior,1,Septal,3,Non-diseased,MCMC,0.018780,,0.086464,0.938641,0.938641,1.000000,0.018780
MI_3,MI Severe (μ=3.0),28,Inferior,1,Apical,4,Non-diseased,MCMC,0.005312,,0.044622,0.415803,0.415803,1.000000,0.005312
MI_3,MI Severe (μ=3.0),29,Inferior,1,Anterior,0,Non-diseased,MCMC,0.010146,,0.065783,0.711118,0.711118,1.000000,0.010146
MI_3,MI Severe (μ=3.0),29,Inferior,1,Inferior,1,Diseased,MCMC,0.014725,,0.149021,2.595970,2.595970,1.000000,0.014725
MI_3,MI Severe (μ=3.0),29,Inferior,1,Lateral,2,Non-diseased,MCMC,0.000305,,0.030437,0.500923,0.500923,1.000000,0.000305
MI_3,MI Severe (μ=3.0),29,Inferior,1,Septal,3,Non-diseased,MCMC,0.023680,,0.092600,0.913752,0.913752,1.000000,0.023680
MI_3,MI Severe (μ=3.0),29,Inferior,1,Apical,4,Non-diseased,MCMC,0.007681,,0.054069,0.422111,0.422111,1.000000,0.007681
MI_3,MI Severe (μ=3.0),30,Inferior,1,Anterior,0,Non-diseased,MCMC,0.011170,,0.066652,0.766984,0.766984,1.000000,0.011170
MI_3,MI Severe (μ=3.0),30,Inferior,1,Inferior,1,Diseased,MCMC,0.002594,,0.138496,2.556250,2.556250,1.000000,0.002594
MI_3,MI Severe (μ=3.0),30,Inferior,1,Lateral,2,Non-diseased,MCMC,0.000446,,0.032316,0.521476,0.521476,1.000000,0.000446
MI_3,MI Severe (μ=3.0),30,Inferior,1,Septal,3,Non-diseased,MCMC,0.025016,,0.094994,0.900879,0.900879,1.000000,0.025016
MI_3,MI Severe (μ=3.0),30,Inferior,1,Apical,4,Non-diseased,MCMC,0.001951,,0.035564,0.499467,0.499467,1.000000,0.001951
MI_3,MI Severe (μ=3.0),31,Inferior,1,Anterior,0,Non-diseased,MCMC,0.011589,,0.065752,0.692053,0.692053,1.000000,0.011589
MI_3,MI Severe (μ=3.0),31,Inferior,1,Inferior,1,Diseased,MCMC,0.009490,,0.173966,2.524353,2.524353,1.000000,0.009490
MI_3,MI Severe (μ=3.0),31,Inferior,1,Lateral,2,Non-diseased,MCMC,0.000549,,0.029321,0.466500,0.466500,1.000000,0.000549
MI_3,MI Severe (μ=3.0),31,Inferior,1,Septal,3,Non-diseased,MCMC,0.021184,,0.094460,1.003484,1.003484,1.000000,0.021184
MI_3,MI Severe (μ=3.0),31,Inferior,1,Apical,4,Non-diseased,MCMC,0.007537,,0.051321,0.451081,0.451081,1.000000,0.007537
MI_3,MI Severe (μ=3.0),32,Inferior,1,Anterior,0,Non-diseased,MCMC,0.013429,,0.072015,0.689313,0.689313,1.000000,0.013429
MI_3,MI Severe (μ=3.0),32,Inferior,1,Inferior,1,Diseased,MCMC,0.002706,,0.137454,2.352100,2.352100,1.000000,0.002706
MI_3,MI Severe (μ=3.0),32,Inferior,1,Lateral,2,Non-diseased,MCMC,0.001134,,0.031447,0.472378,0.472378,1.000000,0.001134
MI_3,MI Severe (μ=3.0),32,Inferior,1,Septal,3,Non-diseased,MCMC,0.027714,,0.098560,0.821259,0.821259,1.000000,0.027714
MI_3,MI Severe (μ=3.0),32,Inferior,1,Apical,4,Non-diseased,MCMC,0.003899,,0.043286,0.556609,0.556609,1.000000,0.003899
MI_3,MI Severe (μ=3.0),33,Inferior,1,Anterior,0,Non-diseased,MCMC,0.009142,,0.061189,0.689484,0.689484,1.000000,0.009142
MI_3,MI Severe (μ=3.0),33,Inferior,1,Inferior,1,Diseased,MCMC,0.004808,,0.156126,2.101446,2.101446,1.000000,0.004808
MI_3,MI Severe (μ=3.0),33,Inferior,1,Lateral,2,Non-diseased,MCMC,0.000493,,0.026635,0.430647,0.430647,1.000000,0.000493
MI_3,MI Severe (μ=3.0),33,Inferior,1,Septal,3,Non-diseased,MCMC,0.007703,,0.073182,0.989731,0.989731,1.000000,0.007703
MI_3,MI Severe (μ=3.0),33,Inferior,1,Apical,4,Non-diseased,MCMC,0.006618,,0.051816,0.523677,0.523677,1.000000,0.006618
MI_3,MI Severe (μ=3.0),34,Inferior,1,Anterior,0,Non-diseased,MCMC,0.006792,,0.058837,0.737920,0.737920,1.000000,0.006792
MI_3,MI Severe (μ=3.0),34,Inferior,1,Inferior,1,Diseased,MCMC,0.040669,,0.172871,2.241984,2.241984,1.000000,0.040669
MI_3,MI Severe (μ=3.0),34,Inferior,1,Lateral,2,Non-diseased,MCMC,0.000659,,0.029794,0.468221,0.468221,1.000000,0.000659
MI_3,MI Severe (μ=3.0),34,Inferior,1,Septal,3,Non-diseased,MCMC,0.006889,,0.066452,0.896127,0.896127,1.000000,0.006889
MI_3,MI Severe (μ=3.0),34,Inferior,1,Apical,4,Non-diseased,MCMC,0.006740,,0.051303,0.507451,0.507451,1.000000,0.006740
MI_3,MI Severe (μ=3.0),35,Inferior,1,Anterior,0,Non-diseased,MCMC,0.003424,,0.048344,0.662949,0.662949,1.000000,0.003424
MI_3,MI Severe (μ=3.0),35,Inferior,1,Inferior,1,Diseased,MCMC,0.002152,,0.113438,2.152053,2.152053,1.000000,0.002152
MI_3,MI Severe (μ=3.0),35,Inferior,1,Lateral,2,Non-diseased,MCMC,0.002068,,0.033624,0.428710,0.428710,1.000000,0.002068
MI_3,MI Severe (μ=3.0),35,Inferior,1,Septal,3,Non-diseased,MCMC,0.009736,,0.065433,0.811352,0.811352,1.000000,0.009736
MI_3,MI Severe (μ=3.0),35,Inferior,1,Apical,4,Non-diseased,MCMC,0.005409,,0.045814,0.512877,0.512877,1.000000,0.005409
MI_3,MI Severe (μ=3.0),36,Inferior,1,Anterior,0,Non-diseased,MCMC,0.008009,,0.060549,0.726574,0.726574,1.000000,0.008009
MI_3,MI Severe (μ=3.0),36,Inferior,1,Inferior,1,Diseased,MCMC,0.008367,,0.154185,2.287816,2.287816,1.000000,0.008367
MI_3,MI Severe (μ=3.0),36,Inferior,1,Lateral,2,Non-diseased,MCMC,0.000424,,0.029356,0.447694,0.447694,1.000000,0.000424
MI_3,MI Severe (μ=3.0),36,Inferior,1,Septal,3,Non-diseased,MCMC,0.011553,,0.077620,1.058124,1.058124,1.000000,0.011553
MI_3,MI Severe (μ=3.0),36,Inferior,1,Apical,4,Non-diseased,MCMC,0.007148,,0.052006,0.520520,0.520520,1.000000,0.007148
MI_3,MI Severe (μ=3.0),37,Inferior,1,Anterior,0,Non-diseased,MCMC,0.009883,,0.063496,0.744918,0.744918,1.000000,0.009883
MI_3,MI Severe (μ=3.0),37,Inferior,1,Inferior,1,Diseased,MCMC,0.009428,,0.159721,2.047349,2.047349,1.000000,0.009428
MI_3,MI Severe (μ=3.0),37,Inferior,1,Lateral,2,Non-diseased,MCMC,0.001528,,0.031635,0.462354,0.462354,1.000000,0.001528
MI_3,MI Severe (μ=3.0),37,Inferior,1,Septal,3,Non-diseased,MCMC,0.007611,,0.072063,1.035082,1.035082,1.000000,0.007611
MI_3,MI Severe (μ=3.0),37,Inferior,1,Apical,4,Non-diseased,MCMC,0.005821,,0.048798,0.535079,0.535079,1.000000,0.005821
MI_3,MI Severe (μ=3.0),38,Inferior,1,Anterior,0,Non-diseased,MCMC,0.008732,,0.060524,0.691597,0.691597,1.000000,0.008732
MI_3,MI Severe (μ=3.0),38,Inferior,1,Inferior,1,Diseased,MCMC,0.002868,,0.138866,2.537243,2.537243,1.000000,0.002868
MI_3,MI Severe (μ=3.0),38,Inferior,1,Lateral,2,Non-diseased,MCMC,0.000851,,0.030888,0.482796,0.482796,1.000000,0.000851
MI_3,MI Severe (μ=3.0),38,Inferior,1,Septal,3,Non-diseased,MCMC,0.017497,,0.085787,0.977198,0.977198,1.000000,0.017497
MI_3,MI Severe (μ=3.0),38,Inferior,1,Apical,4,Non-diseased,MCMC,0.003542,,0.038501,0.467222,0.467222,1.000000,0.003542
MI_3,MI Severe (μ=3.0),39,Inferior,1,Anterior,0,Non-diseased,MCMC,0.010358,,0.065714,0.796901,0.796901,1.000000,0.010358
MI_3,MI Severe (μ=3.0),39,Inferior,1,Inferior,1,Diseased,MCMC,0.006610,,0.133006,2.363099,2.363099,1.000000,0.006610
MI_3,MI Severe (μ=3.0),39,Inferior,1,Lateral,2,Non-diseased,MCMC,0.000531,,0.029000,0.449469,0.449469,1.000000,0.000531
MI_3,MI Severe (μ=3.0),39,Inferior,1,Septal,3,Non-diseased,MCMC,0.018942,,0.085792,0.951827,0.951827,1.000000,0.018942
MI_3,MI Severe (μ=3.0),39,Inferior,1,Apical,4,Non-diseased,MCMC,0.005358,,0.046391,0.484393,0.484393,1.000000,0.005358
MI_3,MI Severe (μ=3.0),40,Lateral,2,Anterior,0,Non-diseased,MCMC,0.018003,,0.081263,0.811760,0.811760,1.000000,0.018003
MI_3,MI Severe (μ=3.0),40,Lateral,2,Inferior,1,Non-diseased,MCMC,0.017076,,0.101952,1.340265,1.340265,1.000000,0.017076
MI_3,MI Severe (μ=3.0),40,Lateral,2,Lateral,2,Diseased,MCMC,0.001280,,0.089302,1.529819,1.529819,1.000000,0.001280
MI_3,MI Severe (μ=3.0),40,Lateral,2,Septal,3,Non-diseased,MCMC,0.028720,,0.104837,0.941759,0.941759,1.000000,0.028720
MI_3,MI Severe (μ=3.0),40,Lateral,2,Apical,4,Non-diseased,MCMC,0.000696,,0.029477,0.502156,0.502156,1.000000,0.000696
MI_3,MI Severe (μ=3.0),41,Lateral,2,Anterior,0,Non-diseased,MCMC,0.019922,,0.085305,0.812632,0.812632,1.000000,0.019922
MI_3,MI Severe (μ=3.0),41,Lateral,2,Inferior,1,Non-diseased,MCMC,0.004121,,0.096300,1.560039,1.560039,1.000000,0.004121
MI_3,MI Severe (μ=3.0),41,Lateral,2,Lateral,2,Diseased,MCMC,0.001411,,0.110984,1.720745,1.720745,1.000000,0.001411
MI_3,MI Severe (μ=3.0),41,Lateral,2,Septal,3,Non-diseased,MCMC,0.022443,,0.092392,0.995722,0.995722,1.000000,0.022443
MI_3,MI Severe (μ=3.0),41,Lateral,2,Apical,4,Non-diseased,MCMC,0.000229,,0.023668,0.429756,0.429756,1.000000,0.000229
MI_3,MI Severe (μ=3.0),42,Lateral,2,Anterior,0,Non-diseased,MCMC,0.015526,,0.078162,0.789025,0.789025,1.000000,0.015526
MI_3,MI Severe (μ=3.0),42,Lateral,2,Inferior,1,Non-diseased,MCMC,0.001144,,0.082765,1.457360,1.457360,1.000000,0.001144
MI_3,MI Severe (μ=3.0),42,Lateral,2,Lateral,2,Diseased,MCMC,0.063720,,0.159181,1.443745,1.443745,1.000000,0.063720
MI_3,MI Severe (μ=3.0),42,Lateral,2,Septal,3,Non-diseased,MCMC,0.025406,,0.093799,0.818771,0.818771,1.000000,0.025406
MI_3,MI Severe (μ=3.0),42,Lateral,2,Apical,4,Non-diseased,MCMC,0.001283,,0.029159,0.439895,0.439895,1.000000,0.001283
MI_3,MI Severe (μ=3.0),43,Lateral,2,Anterior,0,Non-diseased,MCMC,0.010987,,0.076211,0.935980,0.935980,1.000000,0.010987
MI_3,MI Severe (μ=3.0),43,Lateral,2,Inferior,1,Non-diseased,MCMC,0.028010,,0.117958,1.483518,1.483518,1.000000,0.028010
MI_3,MI Severe (μ=3.0),43,Lateral,2,Lateral,2,Diseased,MCMC,0.007396,,0.133366,1.917246,1.917246,1.000000,0.007396
MI_3,MI Severe (μ=3.0),43,Lateral,2,Septal,3,Non-diseased,MCMC,0.012363,,0.081201,0.992162,0.992162,1.000000,0.012363
MI_3,MI Severe (μ=3.0),43,Lateral,2,Apical,4,Non-diseased,MCMC,0.000995,,0.029117,0.434685,0.434685,1.000000,0.000995
MI_3,MI Severe (μ=3.0),44,Lateral,2,Anterior,0,Non-diseased,MCMC,0.019065,,0.085581,0.869578,0.869578,1.000000,0.019065
MI_3,MI Severe (μ=3.0),44,Lateral,2,Inferior,1,Non-diseased,MCMC,0.006409,,0.090633,1.462763,1.462763,1.000000,0.006409
MI_3,MI Severe (μ=3.0),44,Lateral,2,Lateral,2,Diseased,MCMC,0.016430,,0.107355,1.496742,1.496742,1.000000,0.016430
MI_3,MI Severe (μ=3.0),44,Lateral,2,Septal,3,Non-diseased,MCMC,0.026478,,0.097669,0.910679,0.910679,1.000000,0.026478
MI_3,MI Severe (μ=3.0),44,Lateral,2,Apical,4,Non-diseased,MCMC,0.000011,,0.025111,0.465569,0.465569,1.000000,0.000011
MI_3,MI Severe (μ=3.0),45,Lateral,2,Anterior,0,Non-diseased,MCMC,0.012675,,0.074553,0.951094,0.951094,1.000000,0.012675
MI_3,MI Severe (μ=3.0),45,Lateral,2,Inferior,1,Non-diseased,MCMC,0.010729,,0.094291,1.533242,1.533242,1.000000,0.010729
MI_3,MI Severe (μ=3.0),45,Lateral,2,Lateral,2,Diseased,MCMC,0.001912,,0.111309,1.802876,1.802876,1.000000,0.001912
MI_3,MI Severe (μ=3.0),45,Lateral,2,Septal,3,Non-diseased,MCMC,0.023517,,0.093035,0.889226,0.889226,1.000000,0.023517
MI_3,MI Severe (μ=3.0),45,Lateral,2,Apical,4,Non-diseased,MCMC,0.000460,,0.028712,0.473743,0.473743,1.000000,0.000460
MI_3,MI Severe (μ=3.0),46,Lateral,2,Anterior,0,Non-diseased,MCMC,0.012948,,0.079815,0.931784,0.931784,1.000000,0.012948
MI_3,MI Severe (μ=3.0),46,Lateral,2,Inferior,1,Non-diseased,MCMC,0.008951,,0.090556,1.400244,1.400244,1.000000,0.008951
MI_3,MI Severe (μ=3.0),46,Lateral,2,Lateral,2,Diseased,MCMC,0.001894,,0.112921,1.761131,1.761131,1.000000,0.001894
MI_3,MI Severe (μ=3.0),46,Lateral,2,Septal,3,Non-diseased,MCMC,0.023447,,0.092712,0.920146,0.920146,1.000000,0.023447
MI_3,MI Severe (μ=3.0),46,Lateral,2,Apical,4,Non-diseased,MCMC,0.000198,,0.025459,0.440859,0.440859,1.000000,0.000198
MI_3,MI Severe (μ=3.0),47,Lateral,2,Anterior,0,Non-diseased,MCMC,0.003626,,0.059637,0.847893,0.847893,1.000000,0.003626
MI_3,MI Severe (μ=3.0),47,Lateral,2,Inferior,1,Non-diseased,MCMC,0.004749,,0.082766,1.226353,1.226353,1.000000,0.004749
MI_3,MI Severe (μ=3.0),47,Lateral,2,Lateral,2,Diseased,MCMC,0.029352,,0.108532,1.176702,1.176702,1.000000,0.029352
MI_3,MI Severe (μ=3.0),47,Lateral,2,Septal,3,Non-diseased,MCMC,0.016613,,0.083214,0.900850,0.900850,1.000000,0.016613
MI_3,MI Severe (μ=3.0),47,Lateral,2,Apical,4,Non-diseased,MCMC,0.000152,,0.028399,0.481197,0.481197,1.000000,0.000152
MI_3,MI Severe (μ=3.0),48,Lateral,2,Anterior,0,Non-diseased,MCMC,0.017725,,0.081854,0.829753,0.829753,1.000000,0.017725
MI_3,MI Severe (μ=3.0),48,Lateral,2,Inferior,1,Non-diseased,MCMC,0.002209,,0.083305,1.437239,1.437239,1.000000,0.002209
MI_3,MI Severe (μ=3.0),48,Lateral,2,Lateral,2,Diseased,MCMC,0.009103,,0.108776,1.540437,1.540437,1.000000,0.009103
MI_3,MI Severe (μ=3.0),48,Lateral,2,Septal,3,Non-diseased,MCMC,0.025956,,0.099858,0.930150,0.930150,1.000000,0.025956
MI_3,MI Severe (μ=3.0),48,Lateral,2,Apical,4,Non-diseased,MCMC,0.000155,,0.027478,0.468878,0.468878,1.000000,0.000155
MI_3,MI Severe (μ=3.0),49,Lateral,2,Anterior,0,Non-diseased,MCMC,0.018087,,0.085120,0.912297,0.912297,1.000000,0.018087
MI_3,MI Severe (μ=3.0),49,Lateral,2,Inferior,1,Non-diseased,MCMC,0.000845,,0.088280,1.602028,1.602028,1.000000,0.000845
MI_3,MI Severe (μ=3.0),49,Lateral,2,Lateral,2,Diseased,MCMC,0.017013,,0.125756,1.797824,1.797824,1.000000,0.017013
MI_3,MI Severe (μ=3.0),49,Lateral,2,Septal,3,Non-diseased,MCMC,0.022117,,0.089879,0.909126,0.909126,1.000000,0.022117
MI_3,MI Severe (μ=3.0),49,Lateral,2,Apical,4,Non-diseased,MCMC,0.000189,,0.026565,0.424948,0.424948,1.000000,0.000189
MI_3,MI Severe (μ=3.0),50,Lateral,2,Anterior,0,Non-diseased,MCMC,0.005895,,0.057501,0.749779,0.749779,1.000000,0.005895
MI_3,MI Severe (μ=3.0),50,Lateral,2,Inferior,1,Non-diseased,MCMC,0.001622,,0.073307,1.244075,1.244075,1.000000,0.001622
MI_3,MI Severe (μ=3.0),50,Lateral,2,Lateral,2,Diseased,MCMC,0.012395,,0.101515,1.454593,1.454593,1.000000,0.012395
MI_3,MI Severe (μ=3.0),50,Lateral,2,Septal,3,Non-diseased,MCMC,0.021511,,0.094362,0.994804,0.994804,1.000000,0.021511
MI_3,MI Severe (μ=3.0),50,Lateral,2,Apical,4,Non-diseased,MCMC,0.000473,,0.029652,0.478981,0.478981,1.000000,0.000473
MI_3,MI Severe (μ=3.0),51,Lateral,2,Anterior,0,Non-diseased,MCMC,0.010949,,0.068719,0.800796,0.800796,1.000000,0.010949
MI_3,MI Severe (μ=3.0),51,Lateral,2,Inferior,1,Non-diseased,MCMC,0.002263,,0.072645,1.197846,1.197846,1.000000,0.002263
MI_3,MI Severe (μ=3.0),51,Lateral,2,Lateral,2,Diseased,MCMC,0.016482,,0.106332,1.390984,1.390984,1.000000,0.016482
MI_3,MI Severe (μ=3.0),51,Lateral,2,Septal,3,Non-diseased,MCMC,0.022034,,0.091015,0.909071,0.909071,1.000000,0.022034
MI_3,MI Severe (μ=3.0),51,Lateral,2,Apical,4,Non-diseased,MCMC,0.000300,,0.030710,0.472368,0.472368,1.000000,0.000300
MI_3,MI Severe (μ=3.0),52,Lateral,2,Anterior,0,Non-diseased,MCMC,0.021079,,0.089665,0.933105,0.933105,1.000000,0.021079
MI_3,MI Severe (μ=3.0),52,Lateral,2,Inferior,1,Non-diseased,MCMC,0.005249,,0.087244,1.345021,1.345021,1.000000,0.005249
MI_3,MI Severe (μ=3.0),52,Lateral,2,Lateral,2,Diseased,MCMC,0.011864,,0.117633,1.691637,1.691637,1.000000,0.011864
MI_3,MI Severe (μ=3.0),52,Lateral,2,Septal,3,Non-diseased,MCMC,0.025988,,0.095012,0.862103,0.862103,1.000000,0.025988
MI_3,MI Severe (μ=3.0),52,Lateral,2,Apical,4,Non-diseased,MCMC,0.000097,,0.024617,0.432914,0.432914,1.000000,0.000097
MI_3,MI Severe (μ=3.0),53,Lateral,2,Anterior,0,Non-diseased,MCMC,0.014213,,0.077443,0.882648,0.882648,1.000000,0.014213
MI_3,MI Severe (μ=3.0),53,Lateral,2,Inferior,1,Non-diseased,MCMC,0.019739,,0.110101,1.463733,1.463733,1.000000,0.019739
MI_3,MI Severe (μ=3.0),53,Lateral,2,Lateral,2,Diseased,MCMC,0.003059,,0.116548,1.803124,1.803124,1.000000,0.003059
MI_3,MI Severe (μ=3.0),53,Lateral,2,Septal,3,Non-diseased,MCMC,0.025668,,0.098287,0.932374,0.932374,1.000000,0.025668
MI_3,MI Severe (μ=3.0),53,Lateral,2,Apical,4,Non-diseased,MCMC,0.000333,,0.029765,0.484747,0.484747,1.000000,0.000333
MI_3,MI Severe (μ=3.0),54,Lateral,2,Anterior,0,Non-diseased,MCMC,0.007135,,0.066895,0.904341,0.904341,1.000000,0.007135
MI_3,MI Severe (μ=3.0),54,Lateral,2,Inferior,1,Non-diseased,MCMC,0.016017,,0.086162,1.185576,1.185576,1.000000,0.016017
MI_3,MI Severe (μ=3.0),54,Lateral,2,Lateral,2,Diseased,MCMC,0.003361,,0.099481,1.635184,1.635184,1.000000,0.003361
MI_3,MI Severe (μ=3.0),54,Lateral,2,Septal,3,Non-diseased,MCMC,0.019153,,0.085632,0.883294,0.883294,1.000000,0.019153
MI_3,MI Severe (μ=3.0),54,Lateral,2,Apical,4,Non-diseased,MCMC,0.000751,,0.030056,0.497413,0.497413,1.000000,0.000751
MI_3,MI Severe (μ=3.0),55,Lateral,2,Anterior,0,Non-diseased,MCMC,0.008613,,0.064238,0.814234,0.814234,1.000000,0.008613
MI_3,MI Severe (μ=3.0),55,Lateral,2,Inferior,1,Non-diseased,MCMC,0.001374,,0.076606,1.189505,1.189505,1.000000,0.001374
MI_3,MI Severe (μ=3.0),55,Lateral,2,Lateral,2,Diseased,MCMC,0.029959,,0.111299,1.133047,1.133047,1.000000,0.029959
MI_3,MI Severe (μ=3.0),55,Lateral,2,Septal,3,Non-diseased,MCMC,0.029446,,0.105654,0.965999,0.965999,1.000000,0.029446
MI_3,MI Severe (μ=3.0),55,Lateral,2,Apical,4,Non-diseased,MCMC,0.001288,,0.028985,0.424220,0.424220,1.000000,0.001288
MI_3,MI Severe (μ=3.0),56,Lateral,2,Anterior,0,Non-diseased,MCMC,0.011695,,0.072741,0.860598,0.860598,1.000000,0.011695
MI_3,MI Severe (μ=3.0),56,Lateral,2,Inferior,1,Non-diseased,MCMC,0.010378,,0.097447,1.547487,1.547487,1.000000,0.010378
MI_3,MI Severe (μ=3.0),56,Lateral,2,Lateral,2,Diseased,MCMC,0.002486,,0.113963,1.725519,1.725519,1.000000,0.002486
MI_3,MI Severe (μ=3.0),56,Lateral,2,Septal,3,Non-diseased,MCMC,0.028955,,0.101176,0.900255,0.900255,1.000000,0.028955
MI_3,MI Severe (μ=3.0),56,Lateral,2,Apical,4,Non-diseased,MCMC,0.001071,,0.032139,0.504954,0.504954,1.000000,0.001071
MI_3,MI Severe (μ=3.0),57,Lateral,2,Anterior,0,Non-diseased,MCMC,0.006277,,0.066431,0.902759,0.902759,1.000000,0.006277
MI_3,MI Severe (μ=3.0),57,Lateral,2,Inferior,1,Non-diseased,MCMC,0.019169,,0.099559,1.361952,1.361952,1.000000,0.019169
MI_3,MI Severe (μ=3.0),57,Lateral,2,Lateral,2,Diseased,MCMC,0.000773,,0.100200,1.667858,1.667858,1.000000,0.000773
MI_3,MI Severe (μ=3.0),57,Lateral,2,Septal,3,Non-diseased,MCMC,0.020542,,0.088595,0.921047,0.921047,1.000000,0.020542
MI_3,MI Severe (μ=3.0),57,Lateral,2,Apical,4,Non-diseased,MCMC,0.000660,,0.032055,0.515168,0.515168,1.000000,0.000660
MI_3,MI Severe (μ=3.0),58,Lateral,2,Anterior,0,Non-diseased,MCMC,0.020532,,0.085122,0.822013,0.822013,1.000000,0.020532
MI_3,MI Severe (μ=3.0),58,Lateral,2,Inferior,1,Non-diseased,MCMC,0.010232,,0.092783,1.315121,1.315121,1.000000,0.010232
MI_3,MI Severe (μ=3.0),58,Lateral,2,Lateral,2,Diseased,MCMC,0.002264,,0.089164,1.432876,1.432876,1.000000,0.002264
MI_3,MI Severe (μ=3.0),58,Lateral,2,Septal,3,Non-diseased,MCMC,0.036311,,0.110979,0.992011,0.992011,1.000000,0.036311
MI_3,MI Severe (μ=3.0),58,Lateral,2,Apical,4,Non-diseased,MCMC,0.000216,,0.030486,0.490251,0.490251,1.000000,0.000216
MI_3,MI Severe (μ=3.0),59,Lateral,2,Anterior,0,Non-diseased,MCMC,0.010112,,0.070873,0.857732,0.857732,1.000000,0.010112
MI_3,MI Severe (μ=3.0),59,Lateral,2,Inferior,1,Non-diseased,MCMC,0.003227,,0.085073,1.489429,1.489429,1.000000,0.003227
MI_3,MI Severe (μ=3.0),59,Lateral,2,Lateral,2,Diseased,MCMC,0.002410,,0.113864,1.717328,1.717328,1.000000,0.002410
MI_3,MI Severe (μ=3.0),59,Lateral,2,Septal,3,Non-diseased,MCMC,0.019857,,0.087324,0.885351,0.885351,1.000000,0.019857
MI_3,MI Severe (μ=3.0),59,Lateral,2,Apical,4,Non-diseased,MCMC,0.000189,,0.027184,0.482918,0.482918,1.000000,0.000189
MI_3,MI Severe (μ=3.0),60,Septal,3,Anterior,0,Non-diseased,MCMC,0.001184,,0.046089,0.735778,0.735778,1.000000,0.001184
MI_3,MI Severe (μ=3.0),60,Septal,3,Inferior,1,Non-diseased,MCMC,0.028596,,0.108032,1.229929,1.229929,1.000000,0.028596
MI_3,MI Severe (μ=3.0),60,Septal,3,Lateral,2,Non-diseased,MCMC,0.000056,,0.028649,0.481498,0.481498,1.000000,0.000056
MI_3,MI Severe (μ=3.0),60,Septal,3,Septal,3,Diseased,MCMC,0.015141,,0.198862,2.429641,2.429641,1.000000,0.015141
MI_3,MI Severe (μ=3.0),60,Septal,3,Apical,4,Non-diseased,MCMC,0.000124,,0.027208,0.431744,0.431744,1.000000,0.000124
MI_3,MI Severe (μ=3.0),61,Septal,3,Anterior,0,Non-diseased,MCMC,0.000414,,0.046685,0.731459,0.731459,1.000000,0.000414
MI_3,MI Severe (μ=3.0),61,Septal,3,Inferior,1,Non-diseased,MCMC,0.013633,,0.094693,1.239321,1.239321,1.000000,0.013633
MI_3,MI Severe (μ=3.0),61,Septal,3,Lateral,2,Non-diseased,MCMC,0.000030,,0.027369,0.480009,0.480009,1.000000,0.000030
MI_3,MI Severe (μ=3.0),61,Septal,3,Septal,3,Diseased,MCMC,0.058653,,0.254233,2.862096,2.862096,1.000000,0.058653
MI_3,MI Severe (μ=3.0),61,Septal,3,Apical,4,Non-diseased,MCMC,0.000336,,0.021505,0.358328,0.358328,1.000000,0.000336
MI_3,MI Severe (μ=3.0),62,Septal,3,Anterior,0,Non-diseased,MCMC,0.003626,,0.048096,0.637945,0.637945,1.000000,0.003626
MI_3,MI Severe (μ=3.0),62,Septal,3,Inferior,1,Non-diseased,MCMC,0.018091,,0.101559,1.265334,1.265334,1.000000,0.018091
MI_3,MI Severe (μ=3.0),62,Septal,3,Lateral,2,Non-diseased,MCMC,0.000064,,0.030560,0.490901,0.490901,1.000000,0.000064
MI_3,MI Severe (μ=3.0),62,Septal,3,Septal,3,Diseased,MCMC,0.055293,,0.237149,2.752002,2.752002,1.000000,0.055293
MI_3,MI Severe (μ=3.0),62,Septal,3,Apical,4,Non-diseased,MCMC,0.000548,,0.025357,0.432667,0.432667,1.000000,0.000548
MI_3,MI Severe (μ=3.0),63,Septal,3,Anterior,0,Non-diseased,MCMC,0.002953,,0.051578,0.744842,0.744842,1.000000,0.002953
MI_3,MI Severe (μ=3.0),63,Septal,3,Inferior,1,Non-diseased,MCMC,0.003054,,0.086026,1.286762,1.286762,1.000000,0.003054
MI_3,MI Severe (μ=3.0),63,Septal,3,Lateral,2,Non-diseased,MCMC,0.000265,,0.028098,0.467213,0.467213,1.000000,0.000265
MI_3,MI Severe (μ=3.0),63,Septal,3,Septal,3,Diseased,MCMC,0.004440,,0.180117,2.757812,2.757812,1.000000,0.004440
MI_3,MI Severe (μ=3.0),63,Septal,3,Apical,4,Non-diseased,MCMC,0.001023,,0.028752,0.418083,0.418083,1.000000,0.001023
MI_3,MI Severe (μ=3.0),64,Septal,3,Anterior,0,Non-diseased,MCMC,0.001336,,0.049987,0.793838,0.793838,1.000000,0.001336
MI_3,MI Severe (μ=3.0),64,Septal,3,Inferior,1,Non-diseased,MCMC,0.009793,,0.089833,1.252920,1.252920,1.000000,0.009793
MI_3,MI Severe (μ=3.0),64,Septal,3,Lateral,2,Non-diseased,MCMC,0.000007,,0.030023,0.543219,0.543219,1.000000,0.000007
MI_3,MI Severe (μ=3.0),64,Septal,3,Septal,3,Diseased,MCMC,0.004798,,0.202557,2.824204,2.824204,1.000000,0.004798
MI_3,MI Severe (μ=3.0),64,Septal,3,Apical,4,Non-diseased,MCMC,0.001615,,0.029913,0.431410,0.431410,1.000000,0.001615
MI_3,MI Severe (μ=3.0),65,Septal,3,Anterior,0,Non-diseased,MCMC,0.000952,,0.043005,0.654612,0.654612,1.000000,0.000952
MI_3,MI Severe (μ=3.0),65,Septal,3,Inferior,1,Non-diseased,MCMC,0.042054,,0.125011,1.186255,1.186255,1.000000,0.042054
MI_3,MI Severe (μ=3.0),65,Septal,3,Lateral,2,Non-diseased,MCMC,0.000140,,0.029368,0.467194,0.467194,1.000000,0.000140
MI_3,MI Severe (μ=3.0),65,Septal,3,Septal,3,Diseased,MCMC,0.016561,,0.182717,2.452452,2.452452,1.000000,0.016561
MI_3,MI Severe (μ=3.0),65,Septal,3,Apical,4,Non-diseased,MCMC,0.000873,,0.028950,0.444375,0.444375,1.000000,0.000873
MI_3,MI Severe (μ=3.0),66,Septal,3,Anterior,0,Non-diseased,MCMC,0.000658,,0.045699,0.709422,0.709422,1.000000,0.000658
MI_3,MI Severe (μ=3.0),66,Septal,3,Inferior,1,Non-diseased,MCMC,0.019101,,0.103730,1.332663,1.332663,1.000000,0.019101
MI_3,MI Severe (μ=3.0),66,Septal,3,Lateral,2,Non-diseased,MCMC,0.000014,,0.031492,0.487033,0.487033,1.000000,0.000014
MI_3,MI Severe (μ=3.0),66,Septal,3,Septal,3,Diseased,MCMC,0.146679,,0.271122,3.008068,3.008068,1.000000,0.146679
MI_3,MI Severe (μ=3.0),66,Septal,3,Apical,4,Non-diseased,MCMC,0.000713,,0.024964,0.418732,0.418732,1.000000,0.000713
MI_3,MI Severe (μ=3.0),67,Septal,3,Anterior,0,Non-diseased,MCMC,0.000805,,0.046630,0.716785,0.716785,1.000000,0.000805
MI_3,MI Severe (μ=3.0),67,Septal,3,Inferior,1,Non-diseased,MCMC,0.032151,,0.112661,1.275253,1.275253,1.000000,0.032151
MI_3,MI Severe (μ=3.0),67,Septal,3,Lateral,2,Non-diseased,MCMC,0.000140,,0.029736,0.541436,0.541436,1.000000,0.000140
MI_3,MI Severe (μ=3.0),67,Septal,3,Septal,3,Diseased,MCMC,0.024778,,0.212853,2.728298,2.728298,1.000000,0.024778
MI_3,MI Severe (μ=3.0),67,Septal,3,Apical,4,Non-diseased,MCMC,0.000772,,0.027047,0.434588,0.434588,1.000000,0.000772
MI_3,MI Severe (μ=3.0),68,Septal,3,Anterior,0,Non-diseased,MCMC,0.001841,,0.049328,0.704573,0.704573,1.000000,0.001841
MI_3,MI Severe (μ=3.0),68,Septal,3,Inferior,1,Non-diseased,MCMC,0.048691,,0.130631,1.214163,1.214163,1.000000,0.048691
MI_3,MI Severe (μ=3.0),68,Septal,3,Lateral,2,Non-diseased,MCMC,0.000203,,0.030645,0.506068,0.506068,1.000000,0.000203
MI_3,MI Severe (μ=3.0),68,Septal,3,Septal,3,Diseased,MCMC,0.076407,,0.213472,2.662740,2.662740,1.000000,0.076407
MI_3,MI Severe (μ=3.0),68,Septal,3,Apical,4,Non-diseased,MCMC,0.000472,,0.023379,0.371352,0.371352,1.000000,0.000472
MI_3,MI Severe (μ=3.0),69,Septal,3,Anterior,0,Non-diseased,MCMC,0.003444,,0.052201,0.751415,0.751415,1.000000,0.003444
MI_3,MI Severe (μ=3.0),69,Septal,3,Inferior,1,Non-diseased,MCMC,0.000423,,0.078935,1.213737,1.213737,1.000000,0.000423
MI_3,MI Severe (μ=3.0),69,Septal,3,Lateral,2,Non-diseased,MCMC,0.000064,,0.028162,0.480010,0.480010,1.000000,0.000064
MI_3,MI Severe (μ=3.0),69,Septal,3,Septal,3,Diseased,MCMC,0.001956,,0.187070,2.680838,2.680838,1.000000,0.001956
MI_3,MI Severe (μ=3.0),69,Septal,3,Apical,4,Non-diseased,MCMC,0.002505,,0.034138,0.449402,0.449402,1.000000,0.002505
MI_3,MI Severe (μ=3.0),70,Septal,3,Anterior,0,Non-diseased,MCMC,0.004327,,0.054335,0.745227,0.745227,1.000000,0.004327
MI_3,MI Severe (μ=3.0),70,Septal,3,Inferior,1,Non-diseased,MCMC,0.001564,,0.085888,1.369451,1.369451,1.000000,0.001564
MI_3,MI Severe (μ=3.0),70,Septal,3,Lateral,2,Non-diseased,MCMC,0.000271,,0.031836,0.518954,0.518954,1.000000,0.000271
MI_3,MI Severe (μ=3.0),70,Septal,3,Septal,3,Diseased,MCMC,0.006582,,0.198408,2.718939,2.718939,1.000000,0.006582
MI_3,MI Severe (μ=3.0),70,Septal,3,Apical,4,Non-diseased,MCMC,0.001282,,0.029933,0.433101,0.433101,1.000000,0.001282
MI_3,MI Severe (μ=3.0),71,Septal,3,Anterior,0,Non-diseased,MCMC,0.003585,,0.053165,0.695945,0.695945,1.000000,0.003585
MI_3,MI Severe (μ=3.0),71,Septal,3,Inferior,1,Non-diseased,MCMC,0.032914,,0.118139,1.320359,1.320359,1.000000,0.032914
MI_3,MI Severe (μ=3.0),71,Septal,3,Lateral,2,Non-diseased,MCMC,0.000765,,0.031939,0.508497,0.508497,1.000000,0.000765
MI_3,MI Severe (μ=3.0),71,Septal,3,Septal,3,Diseased,MCMC,0.005715,,0.207432,2.692888,2.692888,1.000000,0.005715
MI_3,MI Severe (μ=3.0),71,Septal,3,Apical,4,Non-diseased,MCMC,0.000207,,0.029732,0.447117,0.447117,1.000000,0.000207
MI_3,MI Severe (μ=3.0),72,Septal,3,Anterior,0,Non-diseased,MCMC,0.001085,,0.044423,0.683757,0.683757,1.000000,0.001085
MI_3,MI Severe (μ=3.0),72,Septal,3,Inferior,1,Non-diseased,MCMC,0.016041,,0.096253,1.288498,1.288498,1.000000,0.016041
MI_3,MI Severe (μ=3.0),72,Septal,3,Lateral,2,Non-diseased,MCMC,0.000097,,0.030477,0.495452,0.495452,1.000000,0.000097
MI_3,MI Severe (μ=3.0),72,Septal,3,Septal,3,Diseased,MCMC,0.069001,,0.240500,2.595454,2.595454,1.000000,0.069001
MI_3,MI Severe (μ=3.0),72,Septal,3,Apical,4,Non-diseased,MCMC,0.000066,,0.025822,0.427523,0.427523,1.000000,0.000066
MI_3,MI Severe (μ=3.0),73,Septal,3,Anterior,0,Non-diseased,MCMC,0.001397,,0.041654,0.648355,0.648355,1.000000,0.001397
MI_3,MI Severe (μ=3.0),73,Septal,3,Inferior,1,Non-diseased,MCMC,0.009373,,0.085147,1.163529,1.163529,1.000000,0.009373
MI_3,MI Severe (μ=3.0),73,Septal,3,Lateral,2,Non-diseased,MCMC,0.000170,,0.026911,0.434856,0.434856,1.000000,0.000170
MI_3,MI Severe (μ=3.0),73,Septal,3,Septal,3,Diseased,MCMC,0.032289,,0.174447,2.686941,2.686941,1.000000,0.032289
MI_3,MI Severe (μ=3.0),73,Septal,3,Apical,4,Non-diseased,MCMC,0.001130,,0.026919,0.417980,0.417980,1.000000,0.001130
MI_3,MI Severe (μ=3.0),74,Septal,3,Anterior,0,Non-diseased,MCMC,0.001045,,0.047560,0.726449,0.726449,1.000000,0.001045
MI_3,MI Severe (μ=3.0),74,Septal,3,Inferior,1,Non-diseased,MCMC,0.026054,,0.115744,1.337865,1.337865,1.000000,0.026054
MI_3,MI Severe (μ=3.0),74,Septal,3,Lateral,2,Non-diseased,MCMC,0.000085,,0.029413,0.474467,0.474467,1.000000,0.000085
MI_3,MI Severe (μ=3.0),74,Septal,3,Septal,3,Diseased,MCMC,0.029326,,0.205678,2.898286,2.898286,1.000000,0.029326
MI_3,MI Severe (μ=3.0),74,Septal,3,Apical,4,Non-diseased,MCMC,0.000025,,0.027070,0.423108,0.423108,1.000000,0.000025
MI_3,MI Severe (μ=3.0),75,Septal,3,Anterior,0,Non-diseased,MCMC,0.001216,,0.049428,0.723183,0.723183,1.000000,0.001216
MI_3,MI Severe (μ=3.0),75,Septal,3,Inferior,1,Non-diseased,MCMC,0.075275,,0.158940,1.175732,1.175732,1.000000,0.075275
MI_3,MI Severe (μ=3.0),75,Septal,3,Lateral,2,Non-diseased,MCMC,0.000025,,0.025955,0.443353,0.443353,1.000000,0.000025
MI_3,MI Severe (μ=3.0),75,Septal,3,Septal,3,Diseased,MCMC,0.105926,,0.227860,2.524495,2.524495,1.000000,0.105926
MI_3,MI Severe (μ=3.0),75,Septal,3,Apical,4,Non-diseased,MCMC,0.000099,,0.021586,0.384169,0.384169,1.000000,0.000099
MI_3,MI Severe (μ=3.0),76,Septal,3,Anterior,0,Non-diseased,MCMC,0.001586,,0.047896,0.694573,0.694573,1.000000,0.001586
MI_3,MI Severe (μ=3.0),76,Septal,3,Inferior,1,Non-diseased,MCMC,0.056024,,0.138764,1.133478,1.133478,1.000000,0.056024
MI_3,MI Severe (μ=3.0),76,Septal,3,Lateral,2,Non-diseased,MCMC,0.000743,,0.033830,0.518085,0.518085,1.000000,0.000743
MI_3,MI Severe (μ=3.0),76,Septal,3,Septal,3,Diseased,MCMC,0.026065,,0.189831,2.576198,2.576198,1.000000,0.026065
MI_3,MI Severe (μ=3.0),76,Septal,3,Apical,4,Non-diseased,MCMC,0.001743,,0.029680,0.417202,0.417202,1.000000,0.001743
MI_3,MI Severe (μ=3.0),77,Septal,3,Anterior,0,Non-diseased,MCMC,0.001311,,0.049720,0.744307,0.744307,1.000000,0.001311
MI_3,MI Severe (μ=3.0),77,Septal,3,Inferior,1,Non-diseased,MCMC,0.024827,,0.106082,1.269102,1.269102,1.000000,0.024827
MI_3,MI Severe (μ=3.0),77,Septal,3,Lateral,2,Non-diseased,MCMC,0.000391,,0.030227,0.518451,0.518451,1.000000,0.000391
MI_3,MI Severe (μ=3.0),77,Septal,3,Septal,3,Diseased,MCMC,0.038239,,0.215760,2.829660,2.829660,1.000000,0.038239
MI_3,MI Severe (μ=3.0),77,Septal,3,Apical,4,Non-diseased,MCMC,0.001280,,0.029767,0.408764,0.408764,1.000000,0.001280
MI_3,MI Severe (μ=3.0),78,Septal,3,Anterior,0,Non-diseased,MCMC,0.000189,,0.042494,0.721306,0.721306,1.000000,0.000189
MI_3,MI Severe (μ=3.0),78,Septal,3,Inferior,1,Non-diseased,MCMC,0.020053,,0.105198,1.315153,1.315153,1.000000,0.020053
MI_3,MI Severe (μ=3.0),78,Septal,3,Lateral,2,Non-diseased,MCMC,0.000049,,0.031280,0.487662,0.487662,1.000000,0.000049
MI_3,MI Severe (μ=3.0),78,Septal,3,Septal,3,Diseased,MCMC,0.025607,,0.183281,2.711447,2.711447,1.000000,0.025607
MI_3,MI Severe (μ=3.0),78,Septal,3,Apical,4,Non-diseased,MCMC,0.000116,,0.022767,0.415265,0.415265,1.000000,0.000116
MI_3,MI Severe (μ=3.0),79,Septal,3,Anterior,0,Non-diseased,MCMC,0.000365,,0.044064,0.706638,0.706638,1.000000,0.000365
MI_3,MI Severe (μ=3.0),79,Septal,3,Inferior,1,Non-diseased,MCMC,0.035929,,0.121389,1.309930,1.309930,1.000000,0.035929
MI_3,MI Severe (μ=3.0),79,Septal,3,Lateral,2,Non-diseased,MCMC,0.000097,,0.029028,0.492637,0.492637,1.000000,0.000097
MI_3,MI Severe (μ=3.0),79,Septal,3,Septal,3,Diseased,MCMC,0.016952,,0.182817,2.675520,2.675520,1.000000,0.016952
MI_3,MI Severe (μ=3.0),79,Septal,3,Apical,4,Non-diseased,MCMC,0.000206,,0.029460,0.450589,0.450589,1.000000,0.000206
MI_3,MI Severe (μ=3.0),80,Apical,4,Anterior,0,Non-diseased,MCMC,0.009277,,0.065858,0.823973,0.823973,1.000000,0.009277
MI_3,MI Severe (μ=3.0),80,Apical,4,Inferior,1,Non-diseased,MCMC,0.089570,,0.169525,1.279468,1.279468,1.000000,0.089570
MI_3,MI Severe (μ=3.0),80,Apical,4,Lateral,2,Non-diseased,MCMC,0.001784,,0.034473,0.515677,0.515677,1.000000,0.001784
MI_3,MI Severe (μ=3.0),80,Apical,4,Septal,3,Non-diseased,MCMC,0.048118,,0.133868,1.179386,1.179386,1.000000,0.048118
MI_3,MI Severe (μ=3.0),80,Apical,4,Apical,4,Diseased,MCMC,0.003485,,0.072444,1.081029,1.081029,1.000000,0.003485
MI_3,MI Severe (μ=3.0),81,Apical,4,Anterior,0,Non-diseased,MCMC,0.007420,,0.060579,0.747448,0.747448,1.000000,0.007420
MI_3,MI Severe (μ=3.0),81,Apical,4,Inferior,1,Non-diseased,MCMC,0.016085,,0.108131,1.376465,1.376465,1.000000,0.016085
MI_3,MI Severe (μ=3.0),81,Apical,4,Lateral,2,Non-diseased,MCMC,0.003737,,0.049799,0.714726,0.714726,1.000000,0.003737
MI_3,MI Severe (μ=3.0),81,Apical,4,Septal,3,Non-diseased,MCMC,0.016503,,0.085737,1.007392,1.007392,1.000000,0.016503
MI_3,MI Severe (μ=3.0),81,Apical,4,Apical,4,Diseased,MCMC,0.004665,,0.080516,1.258746,1.258746,1.000000,0.004665
MI_3,MI Severe (μ=3.0),82,Apical,4,Anterior,0,Non-diseased,MCMC,0.009426,,0.065066,0.747263,0.747263,1.000000,0.009426
MI_3,MI Severe (μ=3.0),82,Apical,4,Inferior,1,Non-diseased,MCMC,0.028876,,0.122015,1.326180,1.326180,1.000000,0.028876
MI_3,MI Severe (μ=3.0),82,Apical,4,Lateral,2,Non-diseased,MCMC,0.005956,,0.050091,0.606680,0.606680,1.000000,0.005956
MI_3,MI Severe (μ=3.0),82,Apical,4,Septal,3,Non-diseased,MCMC,0.030412,,0.110465,1.183411,1.183411,1.000000,0.030412
MI_3,MI Severe (μ=3.0),82,Apical,4,Apical,4,Diseased,MCMC,0.005377,,0.072579,1.096405,1.096405,1.000000,0.005377
MI_3,MI Severe (μ=3.0),83,Apical,4,Anterior,0,Non-diseased,MCMC,0.009014,,0.063414,0.733525,0.733525,1.000000,0.009014
MI_3,MI Severe (μ=3.0),83,Apical,4,Inferior,1,Non-diseased,MCMC,0.014788,,0.107278,1.399061,1.399061,1.000000,0.014788
MI_3,MI Severe (μ=3.0),83,Apical,4,Lateral,2,Non-diseased,MCMC,0.004428,,0.049676,0.747551,0.747551,1.000000,0.004428
MI_3,MI Severe (μ=3.0),83,Apical,4,Septal,3,Non-diseased,MCMC,0.019925,,0.092259,1.057561,1.057561,1.000000,0.019925
MI_3,MI Severe (μ=3.0),83,Apical,4,Apical,4,Diseased,MCMC,0.000233,,0.076139,1.326810,1.326810,1.000000,0.000233
MI_3,MI Severe (μ=3.0),84,Apical,4,Anterior,0,Non-diseased,MCMC,0.015641,,0.076412,0.773803,0.773803,1.000000,0.015641
MI_3,MI Severe (μ=3.0),84,Apical,4,Inferior,1,Non-diseased,MCMC,0.029288,,0.116872,1.305701,1.305701,1.000000,0.029288
MI_3,MI Severe (μ=3.0),84,Apical,4,Lateral,2,Non-diseased,MCMC,0.004143,,0.048638,0.686972,0.686972,1.000000,0.004143
MI_3,MI Severe (μ=3.0),84,Apical,4,Septal,3,Non-diseased,MCMC,0.058043,,0.142015,1.220155,1.220155,1.000000,0.058043
MI_3,MI Severe (μ=3.0),84,Apical,4,Apical,4,Diseased,MCMC,0.009944,,0.083091,1.109496,1.109496,1.000000,0.009944
MI_3,MI Severe (μ=3.0),85,Apical,4,Anterior,0,Non-diseased,MCMC,0.006695,,0.061130,0.763682,0.763682,1.000000,0.006695
MI_3,MI Severe (μ=3.0),85,Apical,4,Inferior,1,Non-diseased,MCMC,0.005656,,0.094076,1.418209,1.418209,1.000000,0.005656
MI_3,MI Severe (μ=3.0),85,Apical,4,Lateral,2,Non-diseased,MCMC,0.002282,,0.045902,0.706650,0.706650,1.000000,0.002282
MI_3,MI Severe (μ=3.0),85,Apical,4,Septal,3,Non-diseased,MCMC,0.015225,,0.083366,0.964147,0.964147,1.000000,0.015225
MI_3,MI Severe (μ=3.0),85,Apical,4,Apical,4,Diseased,MCMC,0.006179,,0.081310,1.319586,1.319586,1.000000,0.006179
MI_3,MI Severe (μ=3.0),86,Apical,4,Anterior,0,Non-diseased,MCMC,0.015072,,0.075173,0.683876,0.683876,1.000000,0.015072
MI_3,MI Severe (μ=3.0),86,Apical,4,Inferior,1,Non-diseased,MCMC,0.023569,,0.102284,1.271755,1.271755,1.000000,0.023569
MI_3,MI Severe (μ=3.0),86,Apical,4,Lateral,2,Non-diseased,MCMC,0.005950,,0.051999,0.678017,0.678017,1.000000,0.005950
MI_3,MI Severe (μ=3.0),86,Apical,4,Septal,3,Non-diseased,MCMC,0.026376,,0.110189,1.123338,1.123338,1.000000,0.026376
MI_3,MI Severe (μ=3.0),86,Apical,4,Apical,4,Diseased,MCMC,0.002829,,0.089686,1.393685,1.393685,1.000000,0.002829
MI_3,MI Severe (μ=3.0),87,Apical,4,Anterior,0,Non-diseased,MCMC,0.020476,,0.086779,0.708598,0.708598,1.000000,0.020476
MI_3,MI Severe (μ=3.0),87,Apical,4,Inferior,1,Non-diseased,MCMC,0.056336,,0.147841,1.258391,1.258391,1.000000,0.056336
MI_3,MI Severe (μ=3.0),87,Apical,4,Lateral,2,Non-diseased,MCMC,0.011109,,0.063375,0.606098,0.606098,1.000000,0.011109
MI_3,MI Severe (μ=3.0),87,Apical,4,Septal,3,Non-diseased,MCMC,0.053852,,0.142107,1.183129,1.183129,1.000000,0.053852
MI_3,MI Severe (μ=3.0),87,Apical,4,Apical,4,Diseased,MCMC,0.000748,,0.083322,1.435724,1.435724,1.000000,0.000748
MI_3,MI Severe (μ=3.0),88,Apical,4,Anterior,0,Non-diseased,MCMC,0.031357,,0.102855,0.756736,0.756736,1.000000,0.031357
MI_3,MI Severe (μ=3.0),88,Apical,4,Inferior,1,Non-diseased,MCMC,0.019831,,0.104139,1.336706,1.336706,1.000000,0.019831
MI_3,MI Severe (μ=3.0),88,Apical,4,Lateral,2,Non-diseased,MCMC,0.015661,,0.078182,0.792747,0.792747,1.000000,0.015661
MI_3,MI Severe (μ=3.0),88,Apical,4,Septal,3,Non-diseased,MCMC,0.116546,,0.201883,1.184087,1.184087,1.000000,0.116546
MI_3,MI Severe (μ=3.0),88,Apical,4,Apical,4,Diseased,MCMC,0.001259,,0.112858,1.712241,1.712241,1.000000,0.001259
MI_3,MI Severe (μ=3.0),89,Apical,4,Anterior,0,Non-diseased,MCMC,0.020364,,0.083595,0.730009,0.730009,1.000000,0.020364
MI_3,MI Severe (μ=3.0),89,Apical,4,Inferior,1,Non-diseased,MCMC,0.023078,,0.114101,1.372577,1.372577,1.000000,0.023078
MI_3,MI Severe (μ=3.0),89,Apical,4,Lateral,2,Non-diseased,MCMC,0.009590,,0.059169,0.615186,0.615186,1.000000,0.009590
MI_3,MI Severe (μ=3.0),89,Apical,4,Septal,3,Non-diseased,MCMC,0.069034,,0.162614,1.234653,1.234653,1.000000,0.069034
MI_3,MI Severe (μ=3.0),89,Apical,4,Apical,4,Diseased,MCMC,0.001894,,0.098526,1.780149,1.780149,1.000000,0.001894
MI_3,MI Severe (μ=3.0),90,Apical,4,Anterior,0,Non-diseased,MCMC,0.018043,,0.080278,0.761039,0.761039,1.000000,0.018043
MI_3,MI Severe (μ=3.0),90,Apical,4,Inferior,1,Non-diseased,MCMC,0.017621,,0.101673,1.304503,1.304503,1.000000,0.017621
MI_3,MI Severe (μ=3.0),90,Apical,4,Lateral,2,Non-diseased,MCMC,0.005459,,0.048887,0.578501,0.578501,1.000000,0.005459
MI_3,MI Severe (μ=3.0),90,Apical,4,Septal,3,Non-diseased,MCMC,0.044400,,0.130971,1.122113,1.122113,1.000000,0.044400
MI_3,MI Severe (μ=3.0),90,Apical,4,Apical,4,Diseased,MCMC,0.000118,,0.085191,1.388016,1.388016,1.000000,0.000118
MI_3,MI Severe (μ=3.0),91,Apical,4,Anterior,0,Non-diseased,MCMC,0.008915,,0.066781,0.765887,0.765887,1.000000,0.008915
MI_3,MI Severe (μ=3.0),91,Apical,4,Inferior,1,Non-diseased,MCMC,0.026973,,0.118213,1.295158,1.295158,1.000000,0.026973
MI_3,MI Severe (μ=3.0),91,Apical,4,Lateral,2,Non-diseased,MCMC,0.003717,,0.047105,0.669804,0.669804,1.000000,0.003717
MI_3,MI Severe (μ=3.0),91,Apical,4,Septal,3,Non-diseased,MCMC,0.025179,,0.101123,1.051239,1.051239,1.000000,0.025179
MI_3,MI Severe (μ=3.0),91,Apical,4,Apical,4,Diseased,MCMC,0.011933,,0.083557,1.149403,1.149403,1.000000,0.011933
MI_3,MI Severe (μ=3.0),92,Apical,4,Anterior,0,Non-diseased,MCMC,0.010815,,0.066877,0.723983,0.723983,1.000000,0.010815
MI_3,MI Severe (μ=3.0),92,Apical,4,Inferior,1,Non-diseased,MCMC,0.005059,,0.102130,1.419476,1.419476,1.000000,0.005059
MI_3,MI Severe (μ=3.0),92,Apical,4,Lateral,2,Non-diseased,MCMC,0.005806,,0.050378,0.585803,0.585803,1.000000,0.005806
MI_3,MI Severe (μ=3.0),92,Apical,4,Septal,3,Non-diseased,MCMC,0.013102,,0.084635,1.041462,1.041462,1.000000,0.013102
MI_3,MI Severe (μ=3.0),92,Apical,4,Apical,4,Diseased,MCMC,0.000042,,0.083805,1.413327,1.413327,1.000000,0.000042
MI_3,MI Severe (μ=3.0),93,Apical,4,Anterior,0,Non-diseased,MCMC,0.017376,,0.079823,0.766158,0.766158,1.000000,0.017376
MI_3,MI Severe (μ=3.0),93,Apical,4,Inferior,1,Non-diseased,MCMC,0.008962,,0.096342,1.380019,1.380019,1.000000,0.008962
MI_3,MI Severe (μ=3.0),93,Apical,4,Lateral,2,Non-diseased,MCMC,0.004463,,0.047101,0.619075,0.619075,1.000000,0.004463
MI_3,MI Severe (μ=3.0),93,Apical,4,Septal,3,Non-diseased,MCMC,0.034484,,0.117833,1.046856,1.046856,1.000000,0.034484
MI_3,MI Severe (μ=3.0),93,Apical,4,Apical,4,Diseased,MCMC,0.000602,,0.090074,1.560410,1.560410,1.000000,0.000602
MI_3,MI Severe (μ=3.0),94,Apical,4,Anterior,0,Non-diseased,MCMC,0.008052,,0.062370,0.821826,0.821826,1.000000,0.008052
MI_3,MI Severe (μ=3.0),94,Apical,4,Inferior,1,Non-diseased,MCMC,0.028516,,0.113944,1.400274,1.400274,1.000000,0.028516
MI_3,MI Severe (μ=3.0),94,Apical,4,Lateral,2,Non-diseased,MCMC,0.004130,,0.045526,0.595054,0.595054,1.000000,0.004130
MI_3,MI Severe (μ=3.0),94,Apical,4,Septal,3,Non-diseased,MCMC,0.016811,,0.088286,0.994018,0.994018,1.000000,0.016811
MI_3,MI Severe (μ=3.0),94,Apical,4,Apical,4,Diseased,MCMC,0.003255,,0.078150,1.322785,1.322785,1.000000,0.003255
MI_3,MI Severe (μ=3.0),95,Apical,4,Anterior,0,Non-diseased,MCMC,0.012298,,0.070441,0.806582,0.806582,1.000000,0.012298
MI_3,MI Severe (μ=3.0),95,Apical,4,Inferior,1,Non-diseased,MCMC,0.012355,,0.109037,1.433312,1.433312,1.000000,0.012355
MI_3,MI Severe (μ=3.0),95,Apical,4,Lateral,2,Non-diseased,MCMC,0.003408,,0.044537,0.634374,0.634374,1.000000,0.003408
MI_3,MI Severe (μ=3.0),95,Apical,4,Septal,3,Non-diseased,MCMC,0.020303,,0.100744,1.157718,1.157718,1.000000,0.020303
MI_3,MI Severe (μ=3.0),95,Apical,4,Apical,4,Diseased,MCMC,0.000496,,0.079046,1.354586,1.354586,1.000000,0.000496
MI_3,MI Severe (μ=3.0),96,Apical,4,Anterior,0,Non-diseased,MCMC,0.031247,,0.102483,0.828129,0.828129,1.000000,0.031247
MI_3,MI Severe (μ=3.0),96,Apical,4,Inferior,1,Non-diseased,MCMC,0.005014,,0.096602,1.547361,1.547361,1.000000,0.005014
MI_3,MI Severe (μ=3.0),96,Apical,4,Lateral,2,Non-diseased,MCMC,0.011672,,0.066766,0.674895,0.674895,1.000000,0.011672
MI_3,MI Severe (μ=3.0),96,Apical,4,Septal,3,Non-diseased,MCMC,0.063666,,0.159235,1.044437,1.044437,1.000000,0.063666
MI_3,MI Severe (μ=3.0),96,Apical,4,Apical,4,Diseased,MCMC,0.000559,,0.114786,1.707263,1.707263,1.000000,0.000559
MI_3,MI Severe (μ=3.0),97,Apical,4,Anterior,0,Non-diseased,MCMC,0.011415,,0.068875,0.765717,0.765717,1.000000,0.011415
MI_3,MI Severe (μ=3.0),97,Apical,4,Inferior,1,Non-diseased,MCMC,0.008425,,0.102219,1.410903,1.410903,1.000000,0.008425
MI_3,MI Severe (μ=3.0),97,Apical,4,Lateral,2,Non-diseased,MCMC,0.004600,,0.053437,0.763637,0.763637,1.000000,0.004600
MI_3,MI Severe (μ=3.0),97,Apical,4,Septal,3,Non-diseased,MCMC,0.022097,,0.096621,1.059715,1.059715,1.000000,0.022097
MI_3,MI Severe (μ=3.0),97,Apical,4,Apical,4,Diseased,MCMC,0.000705,,0.080305,1.312262,1.312262,1.000000,0.000705
MI_3,MI Severe (μ=3.0),98,Apical,4,Anterior,0,Non-diseased,MCMC,0.019039,,0.080742,0.728081,0.728081,1.000000,0.019039
MI_3,MI Severe (μ=3.0),98,Apical,4,Inferior,1,Non-diseased,MCMC,0.013367,,0.104703,1.352208,1.352208,1.000000,0.013367
MI_3,MI Severe (μ=3.0),98,Apical,4,Lateral,2,Non-diseased,MCMC,0.011944,,0.068137,0.672110,0.672110,1.000000,0.011944
MI_3,MI Severe (μ=3.0),98,Apical,4,Septal,3,Non-diseased,MCMC,0.041455,,0.122984,1.144808,1.144808,1.000000,0.041455
MI_3,MI Severe (μ=3.0),98,Apical,4,Apical,4,Diseased,MCMC,0.000395,,0.099020,1.682468,1.682468,1.000000,0.000395
MI_3,MI Severe (μ=3.0),99,Apical,4,Anterior,0,Non-diseased,MCMC,0.013254,,0.072959,0.733404,0.733404,1.000000,0.013254
MI_3,MI Severe (μ=3.0),99,Apical,4,Inferior,1,Non-diseased,MCMC,0.016125,,0.111739,1.392244,1.392244,1.000000,0.016125
MI_3,MI Severe (μ=3.0),99,Apical,4,Lateral,2,Non-diseased,MCMC,0.011736,,0.066439,0.705991,0.705991,1.000000,0.011736
MI_3,MI Severe (μ=3.0),99,Apical,4,Septal,3,Non-diseased,MCMC,0.036456,,0.115136,1.056407,1.056407,1.000000,0.036456
MI_3,MI Severe (μ=3.0),99,Apical,4,Apical,4,Diseased,MCMC,0.003932,,0.100103,1.634757,1.634757,1.000000,0.003932
